{"eval_loss": 1.2915129661560059, "eval_accuracy": 0.527999997138977, "eval_runtime": 2.5767, "eval_samples_per_second": 388.091, "eval_steps_per_second": 48.511}