{"eval_loss": 1.9027161598205566, "eval_accuracy": 0.3499999940395355, "eval_runtime": 2.4492, "eval_samples_per_second": 408.289, "eval_steps_per_second": 51.036}