{"eval_loss": 0.00018266636470798403, "eval_accuracy": 0.9999666810035706, "eval_runtime": 58.8761, "eval_samples_per_second": 509.545, "eval_steps_per_second": 63.693}