{"eval_loss": 2.2121927738189697, "eval_accuracy": 0.32899999618530273, "eval_runtime": 12.5999, "eval_samples_per_second": 79.366, "eval_steps_per_second": 9.921}