{"eval_loss": 1.5253487825393677, "eval_accuracy": 0.4889250099658966, "eval_runtime": 107.2239, "eval_samples_per_second": 91.789, "eval_steps_per_second": 11.481}