{"eval_loss": 0.4952141344547272, "eval_accuracy": 0.8699451088905334, "eval_runtime": 20.2689, "eval_samples_per_second": 485.572, "eval_steps_per_second": 60.733}