{"eval_loss": 0.29713010787963867, "eval_accuracy": 0.8976833820343018, "eval_runtime": 18.6535, "eval_samples_per_second": 527.621, "eval_steps_per_second": 65.993}