{"eval_loss": 1.0845799446105957, "eval_accuracy": 0.5000333189964294, "eval_runtime": 332.8784, "eval_samples_per_second": 90.123, "eval_steps_per_second": 11.265}