{"eval_loss": 1.913142442703247, "eval_accuracy": 0.5271000266075134, "eval_runtime": 329.3026, "eval_samples_per_second": 91.102, "eval_steps_per_second": 11.388}