{"eval_loss": 2.017768383026123, "eval_accuracy": 0.3166666626930237, "eval_runtime": 13.2403, "eval_samples_per_second": 90.632, "eval_steps_per_second": 11.329}