{"eval_loss": 1.3447209596633911, "eval_accuracy": 0.37700000405311584, "eval_runtime": 2.5473, "eval_samples_per_second": 392.566, "eval_steps_per_second": 49.071}