{"eval_loss": 1.3745627403259277, "eval_accuracy": 0.5019999742507935, "eval_runtime": 2.6177, "eval_samples_per_second": 382.017, "eval_steps_per_second": 47.752}