{"eval_loss": 1.6563222408294678, "eval_accuracy": 0.4090000092983246, "eval_runtime": 2.6087, "eval_samples_per_second": 383.328, "eval_steps_per_second": 47.916}