{"eval_loss": 3.9238970279693604, "eval_accuracy": 0.32199999690055847, "eval_runtime": 4.5743, "eval_samples_per_second": 218.614, "eval_steps_per_second": 27.327}