{"eval_loss": 3.057222604751587, "eval_accuracy": 0.32100000977516174, "eval_runtime": 3.0134, "eval_samples_per_second": 331.855, "eval_steps_per_second": 41.482}