{"eval_loss": 1.7235815525054932, "eval_accuracy": 0.40833333134651184, "eval_runtime": 2.907, "eval_samples_per_second": 412.8, "eval_steps_per_second": 51.6}