{"eval_loss": 3.7365050315856934, "eval_accuracy": 0.335833340883255, "eval_runtime": 3.1894, "eval_samples_per_second": 376.247, "eval_steps_per_second": 47.031}