{"eval_loss": 1.6490520238876343, "eval_accuracy": 0.42500001192092896, "eval_runtime": 3.5612, "eval_samples_per_second": 336.966, "eval_steps_per_second": 42.121}