{"eval_loss": 1.7411240339279175, "eval_accuracy": 0.41200000047683716, "eval_runtime": 2.5889, "eval_samples_per_second": 386.269, "eval_steps_per_second": 48.284}