{"eval_loss": 1.7037856578826904, "eval_accuracy": 0.4350000023841858, "eval_runtime": 2.9498, "eval_samples_per_second": 406.807, "eval_steps_per_second": 50.851}