{"eval_loss": 1.4979956150054932, "eval_accuracy": 0.3310000002384186, "eval_runtime": 4.8165, "eval_samples_per_second": 207.62, "eval_steps_per_second": 25.953}