{"eval_loss": 1.4557305574417114, "eval_accuracy": 0.3583333194255829, "eval_runtime": 2.8652, "eval_samples_per_second": 418.817, "eval_steps_per_second": 52.352}