{"eval_loss": 1.3832476139068604, "eval_accuracy": 0.5220000147819519, "eval_runtime": 2.4591, "eval_samples_per_second": 406.66, "eval_steps_per_second": 50.833}