{"eval_loss": 1.6497856378555298, "eval_accuracy": 0.5763000249862671, "eval_runtime": 72.7776, "eval_samples_per_second": 412.215, "eval_steps_per_second": 51.527}