{"eval_loss": 0.2954247295856476, "eval_accuracy": 0.8979882001876831, "eval_runtime": 21.1257, "eval_samples_per_second": 465.878, "eval_steps_per_second": 58.27}