{"eval_loss": 1.357504963874817, "eval_accuracy": 0.5189999938011169, "eval_runtime": 2.373, "eval_samples_per_second": 421.415, "eval_steps_per_second": 52.677}