{"eval_loss": 0.3658035695552826, "eval_accuracy": 0.8744157552719116, "eval_runtime": 22.5338, "eval_samples_per_second": 436.767, "eval_steps_per_second": 54.629}