{"eval_loss": 1.6815720796585083, "eval_accuracy": 0.4090000092983246, "eval_runtime": 2.3574, "eval_samples_per_second": 424.2, "eval_steps_per_second": 53.025}