{"eval_loss": 3.8074777126312256, "eval_accuracy": 0.3319999873638153, "eval_runtime": 3.481, "eval_samples_per_second": 287.271, "eval_steps_per_second": 35.909}