{"eval_loss": 0.3002699017524719, "eval_accuracy": 0.8948384523391724, "eval_runtime": 22.0538, "eval_samples_per_second": 446.273, "eval_steps_per_second": 55.818}