{"eval_loss": 0.02174595184624195, "eval_accuracy": 0.9955666661262512, "eval_runtime": 63.2681, "eval_samples_per_second": 474.173, "eval_steps_per_second": 59.272}