{"eval_loss": 1.6057602167129517, "eval_accuracy": 0.4180000126361847, "eval_runtime": 3.181, "eval_samples_per_second": 314.371, "eval_steps_per_second": 39.296}