{"eval_loss": 2.8368704319000244, "eval_accuracy": 0.3408333361148834, "eval_runtime": 3.3131, "eval_samples_per_second": 362.201, "eval_steps_per_second": 45.275}