{"eval_loss": 0.5410388708114624, "eval_accuracy": 0.8262548446655273, "eval_runtime": 22.8864, "eval_samples_per_second": 430.037, "eval_steps_per_second": 53.787}