{"eval_loss": 1.813190221786499, "eval_accuracy": 0.5331666469573975, "eval_runtime": 66.0033, "eval_samples_per_second": 454.523, "eval_steps_per_second": 56.815}