{"eval_loss": 1.692514181137085, "eval_accuracy": 0.40799999237060547, "eval_runtime": 3.5271, "eval_samples_per_second": 283.521, "eval_steps_per_second": 35.44}