{"eval_loss": 1.675051212310791, "eval_accuracy": 0.43416666984558105, "eval_runtime": 2.7299, "eval_samples_per_second": 439.572, "eval_steps_per_second": 54.947}