{"eval_loss": 0.6786493062973022, "eval_accuracy": 0.8626295328140259, "eval_runtime": 19.2632, "eval_samples_per_second": 510.922, "eval_steps_per_second": 63.904}