{"eval_loss": 0.3337542712688446, "eval_accuracy": 0.876447856426239, "eval_runtime": 21.6207, "eval_samples_per_second": 455.211, "eval_steps_per_second": 56.936}