{"eval_loss": 2.2153115272521973, "eval_accuracy": 0.32100000977516174, "eval_runtime": 12.1756, "eval_samples_per_second": 82.132, "eval_steps_per_second": 10.266}