{"eval_loss": 1.0905184745788574, "eval_accuracy": 0.6178622245788574, "eval_runtime": 22.1244, "eval_samples_per_second": 444.848, "eval_steps_per_second": 55.64}