{"eval_loss": 2.99874210357666, "eval_accuracy": 0.3160000145435333, "eval_runtime": 2.9545, "eval_samples_per_second": 338.466, "eval_steps_per_second": 42.308}