{"eval_loss": 1.9977926015853882, "eval_accuracy": 0.5254999995231628, "eval_runtime": 58.3377, "eval_samples_per_second": 514.247, "eval_steps_per_second": 64.281}