{"eval_loss": 1.8393454551696777, "eval_accuracy": 0.3675000071525574, "eval_runtime": 2.7258, "eval_samples_per_second": 440.246, "eval_steps_per_second": 55.031}